{
  "variants": {
    "eye=false,facing=east": {
      "model": "minecraft:block/end_portal_frame",
      "y": 90
    },
    "eye=false,facing=north": {
      "model": "minecraft:block/end_portal_frame"
    },
    "eye=false,facing=south": {
      "model": "minecraft:block/end_portal_frame"
    },
    "eye=false,facing=west": {
      "model": "minecraft:block/end_portal_frame",
      "y": 90
    },
    "eye=true,facing=east": {
      "model": "calamity:block/pressure_eye_relaxed",
      "y": 90
    },
    "eye=true,facing=north": {
      "model": "calamity:block/pressure_eye_squished"
    },
    "eye=true,facing=south": {
      "model": "calamity:block/pressure_eye_relaxed"
    },
    "eye=true,facing=west": {
      "model": "calamity:block/pressure_eye_squished",
      "y": 90
    }
  }
}