{
    "providers": [
        {
            "type": "bitmap",
            "file": "calamity:font/view.png",
            "ascent": 7,
            "height": 7,
            "chars": ["0"]
        },
        {
            "type": "bitmap",
            "file": "calamity:font/shuffle_rest.png",
            "ascent": 6,
            "height": 7,
            "chars": ["1"]
        },
        {
            "type": "bitmap",
            "file": "calamity:font/shuffle_all.png",
            "ascent": 6,
            "height": 7,
            "chars": ["2"]
        },
        {
            "type": "bitmap",
            "file": "calamity:font/clock.png",
            "ascent": 7,
            "height": 7,
            "chars": ["3"]
        },
        {
            "type": "bitmap",
            "file": "calamity:font/fork.png",
            "ascent": 7,
            "height": 7,
            "chars": ["4"]
        },
        {
            "type": "bitmap",
            "file": "calamity:font/twitter.png",
            "ascent": 7,
            "height": 7,
            "chars": ["5"]
        },
        {
            "type": "bitmap",
            "file": "calamity:font/github.png",
            "ascent": 7,
            "height": 7,
            "chars": ["6"]
        },
        {
            "type": "bitmap",
            "file": "calamity:font/calamity.png",
            "ascent": 18,
            "height": 25,
            "chars": ["C"]
        },
        {
            "type": "bitmap",
            "file": "calamity:font/glory.png",
            "ascent": 18,
            "height": 25,
            "chars": ["G"]
        },
        {
            "type": "bitmap",
            "file": "calamity:font/arena_01_modern.png",
            "ascent": 0,
            "height": 100,
            "chars": ["z"]
        },
        {
            "type": "bitmap",
            "file": "calamity:font/arena_02_shattering.png",
            "ascent": 0,
            "height": 100,
            "chars": ["x"]
        },
        {
            "type": "bitmap",
            "file": "calamity:font/blue_team.png",
            "ascent": 7,
            "height": 7,
            "chars": ["b"]
        },
        {
            "type": "bitmap",
            "file": "calamity:font/red_team.png",
            "ascent": 7,
            "height": 7,
            "chars": ["r"]
        },
        {
            "type": "bitmap",
            "file": "minecraft:block/iron_ore.png",
            "ascent": 7,
            "height": 7,
            "chars": ["i"]
        },
        {
            "type": "bitmap",
            "file": "calamity:font/toggle.png",
            "ascent": 7,
            "height": 7,
            "chars": ["t"]
        }
    ]
}